verb,aspect,pair,pair_aspect,pair_type,similarity
akceptować,ndk,zaakceptować,dk,empty,0.7861892365801364
analizować,ndk,zanalizować,dk,empty,0.6917682354765226
analizować,ndk,przeanalizować,dk,derived,0.7267496432486892
angażować,ndk,zaangażować,dk,empty,0.836008461422108
apelować,ndk,zaapelować,dk,empty,0.7969773237566234
atakować,ndk,zaatakować,dk,empty,0.8087439058638572
badać,ndk,zbadać,dk,empty,0.8034247928725097
bić,ndk,pobić,dk,empty,0.5830546388444257
bić,ndk,dobić,dk,derived,0.4613083816931529
bić,ndk,nabić,dk,derived,0.3825709423391207
bić,ndk,obić,dk,derived,0.36935079715266916
bić,ndk,odbić,dk,derived,0.2669991485946881
bić,ndk,przybić,dk,derived,0.27270757938176793
bić,ndk,podbić,dk,derived,0.4074896890091281
bić,ndk,rozbić,dk,derived,0.4389055480812418
bić,ndk,ubić,dk,derived,0.36918465389162236
bić,ndk,wbić,dk,derived,0.43006769939622513
bić,ndk,wybić,dk,derived,0.44756193744396633
bić,ndk,zabić,dk,derived,0.4872002601701588
biec,ndk,pobiec,dk,empty,0.7566746500506916
biec,ndk,wybiec,dk,derived,0.6498458643478953
blokować,ndk,zablokować,dk,empty,0.8310666134633442
blokować,ndk,zblokować,dk,derived,0.6463130345590126
błyszczeć,ndk,zabłyszczeć,dk,empty,0.7563524036138703
błyszczeć,ndk,nabłyszczyć,dk,derived,0.41442139331731886
boleć,ndk,zaboleć,dk,empty,0.7403166920237975
boleć,ndk,rozboleć,dk,derived,0.7472055545182232
brać,ndk,wziąć,dk,suppletion,0.8324469159246357
bronić,ndk,obronić,dk,empty,0.7907637899159434
brzmieć,ndk,zabrzmieć,dk,empty,0.7822229421400778
budować,ndk,wybudować,dk,empty,0.7235046701219555
budować,ndk,zbudować,dk,empty,0.8476768563198013
budować,ndk,nadbudować,dk,derived,0.6598381619900455
budować,ndk,rozbudować,dk,derived,0.6716111162456517
budować,ndk,przebudować,dk,derived,0.6811548945599994
budować,ndk,odbudować,dk,derived,0.7063121846720076
budzić,ndk,obudzić,dk,empty,0.6740279732493427
budzić,ndk,zbudzić,dk,empty,0.6543891547522094
budzić,ndk,dobudzić,dk,derived,0.5789042702666813
budzić,ndk,obudzić,dk,derived,0.6740279732493427
budzić,ndk,pobudzić,dk,derived,0.49060253325882286
budzić,ndk,poprzebudzać,dk,derived,0.5402438976685057
budzić,ndk,przebudzić,dk,derived,0.5728742899061081
budzić,ndk,rozbudzić,dk,derived,0.6281379094915576
budzić,ndk,wybudzić,dk,derived,0.47166211757814624
budzić,ndk,wzbudzić,dk,derived,0.710927956576369
całować,ndk,pocałować,dk,empty,0.7524231787629632
całować,ndk,ucałować,dk,derived,0.6788814108058207
charakteryzować,ndk,scharakteryzować,dk,empty,0.5152061975205189
chcieć,ndk,zechcieć,dk,empty,0.7436969273898142
chorować,ndk,zachorować,dk,empty,0.7352296799986636
chować,ndk,schować,dk,empty,0.7875890346662546
chować,ndk,przechować,dk,derived,0.5244790438537954
chować,ndk,pochować,dk,derived,0.5957521133108936
chować,ndk,wychować,dk,derived,0.3742478701728944
chować,ndk,odchować,dk,derived,0.44998746656422595
chować,ndk,podchować,dk,derived,0.49541276022556535
chować,ndk,uchować,dk,derived,0.5348250122206704
chować,ndk,dochować,dk,derived,0.47636682564079946
chwytać,ndk,chwycić,dk,suffixed,0.7041594919290832
ciągnąć,ndk,pociągnąć,dk,empty,0.7032094755084526
ciągnąć,ndk,obciągnąć,dk,derived,0.4727199459111012
ciągnąć,ndk,przeciągnąć,dk,derived,0.6720994379290947
ciągnąć,ndk,wciągnąć,dk,derived,0.5793035145910638
cieszyć,ndk,ucieszyć,dk,empty,0.7014558116667734
cieszyć,ndk,pocieszyć,dk,derived,0.56384803493141
cofać,ndk,cofnąć,dk,suffixed,0.6972074910757885
cofać,ndk,wycofać,dk,derived,0.5640500345847806
cytować,ndk,zacytować,dk,empty,0.7166056856386092
czekać,ndk,zaczekać,dk,empty,0.7867065929735425
czekać,ndk,poczekać,dk,derived,0.8326609211046931
czekać,ndk,odczekać,dk,derived,0.6488997286925952
czekać,ndk,doczekać,dk,derived,0.60841131501609
czerpać,ndk,zaczerpać,dk,empty,0.6204755452327203
czerpać,ndk,wyczerpać,dk,derived,0.454349567303445
czuć,ndk,poczuć,dk,empty,0.8240802587671554
czuć,ndk,uczuć,dk,derived,0.19955690660560566
czuć,ndk,odczuć,dk,derived,0.5447370474125365
czuć,ndk,wyczuć,dk,derived,0.6321630204351714
czuć,ndk,przeczuć,dk,derived,0.35657241702162823
czynić,ndk,uczynić,dk,empty,0.781071372766872
czytać,ndk,przeczytać,dk,empty,0.7476445415943496
czytać,ndk,odczytać,dk,derived,0.5661879206024433
czytać,ndk,rozczytać,dk,derived,0.5714920415324285
czytać,ndk,wyczytać,dk,derived,0.511971745862856
czytać,ndk,zaczytać,dk,derived,0.6612116063243821
ćwiczyć,ndk,wyćwiczyć,dk,empty,0.7142751263853095
dawać,ndk,dać,dk,suffixed,0.8271203539008871
dbać,ndk,zadbać,dk,empty,0.8211629363455671
decydować,ndk,zdecydować,dk,empty,0.7723146209784271
decydować,ndk,zadecydować,dk,derived,0.8527732618376328
denerwować,ndk,zdenerwować,dk,empty,0.7170405687443013
dobiegać,ndk,dobiec,dk,suffixed,0.6370558684763321
dobiegać,ndk,dobiegnąć,dk,suffixed,0.7024667420954877
doceniać,ndk,docenić,dk,suffixed,0.7564857934912207
docierać,ndk,dotrzeć,dk,suffixed,0.7320648377557741
dodawać,ndk,dodać,dk,suffixed,0.7408250357499627
dokonywać,ndk,dokonać,dk,suffixed,0.8152737970074142
dominować,ndk,zdominować,dk,empty,0.6467929988718836
domyślać,ndk,domyślić,dk,suffixed,0.7633614242459466
donosić,ndk,donieść,dk,suffixed,0.6408090488171738
doprowadzać,ndk,doprowadzić,dk,suffixed,0.8303244855541592
dopuszczać,ndk,dopuścić,dk,suffixed,0.7800986358601977
dopytywać,ndk,dopytać,dk,suffixed,0.7016199026380061
dorastać,ndk,dorosnąć,dk,suffixed,0.6274543255923074
dostarczać,ndk,dostarczyć,dk,suffixed,0.8070128679639694
dostawać,ndk,dostać,dk,suffixed,0.6585326405505681
dostrzegać,ndk,dostrzec,dk,suffixed,0.69039445181027
doświadczać,ndk,doświadczyć,dk,suffixed,0.7620384397115363
dotykać,ndk,dotknąć,dk,suffixed,0.7498691313940228
dowiadywać,ndk,dowiedzieć,dk,suffixed,0.6731902142621724
dowodzić,ndk,dowieść,dk,suffixed,0.4877086653146412
drżeć,ndk,zadrżeć,dk,empty,0.7329154349077445
dusić,ndk,udusić,dk,empty,0.7099695413809879
dysponować,ndk,zadysponować,dk,empty,0.567197827019034
dzielić,ndk,podzielić,dk,empty,0.7941695317330405
dziękować,ndk,podziękować,dk,empty,0.7282327423121869
dziwić,ndk,zdziwić,dk,empty,0.710384824890499
dziwić,ndk,zadziwić,dk,derived,0.5754852828722684
dzwonić,ndk,zadzwonić,dk,empty,0.7947556043463644
dzwonić,ndk,dodzwonić,dk,derived,0.729187971979971
dzwonić,ndk,obdzwonić,dk,derived,0.6350221903994943
dzwonić,ndk,oddzwonić,dk,derived,0.7147919665015794
dzwonić,ndk,podzwonić,dk,derived,0.6898450276396925
dzwonić,ndk,przedzwonić,dk,derived,0.6985670626131935
dzwonić,ndk,przydzwonić,dk,derived,0.6060852028820435
dzwonić,ndk,rozdzwonić,dk,derived,0.6633280853049445
dzwonić,ndk,wydzwonić,dk,derived,0.7337492923952215
dźwigać,ndk,dźwignąć,dk,suffixed,0.6008780357802649
finansować,ndk,sfinansować,dk,empty,0.7897026406906287
funkcjonować,ndk,zafunkcjonować,dk,empty,0.7177602277857866
ginąć,ndk,zginąć,dk,empty,0.7271333797340545
gładzić,ndk,pogładzić,dk,empty,0.6968563947640743
gładzić,ndk,wygładzić,dk,derived,0.5700225632600044
gładzić,ndk,zgładzić,dk,derived,0.3866429888584071
głaskać,ndk,pogłaskać,dk,empty,0.8198656004989107
głaskać,ndk,ugłaskać,dk,derived,0.685368516943047
głosować,ndk,zagłosować,dk,empty,0.8190286630249215
głosować,ndk,przegłosować,dk,derived,0.6003445902833735
gniewać,ndk,pogniewać,dk,empty,0.7181929896072342
gniewać,ndk,zagniewać,dk,derived,0.6142151208467338
godzić,ndk,pogodzić,dk,empty,0.6872500479330915
godzić,ndk,zgodzić,dk,derived,0.5741703424385455
gotować,ndk,ugotować,dk,empty,0.7123743317456296
gotować,ndk,zagotować,dk,derived,0.6316290480684986
grać,ndk,zagrać,dk,empty,0.8171170823494833
grozić,ndk,pogrozić,dk,empty,0.6440308220654988
grozić,ndk,zagrozić,dk,derived,0.6582389120216672
gryźć,ndk,ugryźć,dk,empty,0.5366856657378699
gryźć,ndk,pogryźć,dk,derived,0.6661709114239432
gryźć,ndk,zagryźć,dk,derived,0.67482858442054
gryźć,ndk,zgryźć,dk,derived,0.48037900348567864
gwarantować,ndk,zagwarantować,dk,empty,0.8028684117923065
hamować,ndk,zahamować,dk,empty,0.6868234034702292
hamować,ndk,wyhamować,dk,derived,0.6921656131923972
ignorować,ndk,zignorować,dk,empty,0.8003672526146052
informować,ndk,poinformować,dk,empty,0.7508197885392076
interesować,ndk,zainteresować,dk,empty,0.7502932802264078
inwestować,ndk,zainwestować,dk,empty,0.8201094856062839
irytować,ndk,zirytować,dk,empty,0.7482516452280958
istnieć,ndk,zaistnieć,dk,empty,0.6555818018995841
iść,ndk,pójść,dk,empty,0.9285906561753942
iść,ndk,dojść,dk,derived,0.5389623594089709
iść,ndk,najść,dk,derived,0.4163107449217054
iść,ndk,obejść,dk,derived,0.4051307889610939
iść,ndk,przejść,dk,derived,0.6023468694618821
iść,ndk,przyjść,dk,derived,0.6638155211873081
iść,ndk,ujść,dk,derived,0.3106571995163908
iść,ndk,wejść,dk,derived,0.5084273545056531
iść,ndk,wyjść,dk,derived,0.605544845764472
iść,ndk,zajść,dk,derived,0.48182109284316743
iść,ndk,zejść,dk,derived,0.6021525381866057
jechać,ndk,pojechać,dk,empty,0.8788709497433845
jechać,ndk,dojechać,dk,derived,0.7188034694641894
jechać,ndk,najechać,dk,derived,0.5113286213852398
jechać,ndk,objechać,dk,derived,0.635347248280011
jechać,ndk,przejechać,dk,derived,0.6421705701295052
jechać,ndk,przyjechać,dk,derived,0.7615270713407045
jechać,ndk,ujechać,dk,derived,0.6738022610627925
jechać,ndk,wjechać,dk,derived,0.704510425842785
jechać,ndk,wyjechać,dk,derived,0.7778356387823642
jechać,ndk,zajechać,dk,derived,0.7250280932435579
jechać,ndk,zjechać,dk,derived,0.6973744992564157
jeść,ndk,zjeść,dk,empty,0.75781081853542
jeść,ndk,zajeść,dk,derived,0.5973339857026861
jeść,ndk,wyjeść,dk,derived,0.6151151914580122
jeść,ndk,podjeść,dk,derived,0.6020640085407957
jeść,ndk,ujeść,dk,derived,0.6275171174033958
jeść,ndk,dojeść,dk,derived,0.5692924924631158
jęczeć,ndk,jęknąć,dk,suffixed,0.6324130423491158
jęczeć,ndk,najęczeć,dk,derived,0.5498632346691896
jęczeć,ndk,pojęczeć,dk,derived,0.6798721189492477
jęczeć,ndk,przejęczeć,dk,derived,0.5307219965926449
jęczeć,ndk,rozjęczeć,dk,derived,0.6225069022507755
jęczeć,ndk,wyjęczeć,dk,derived,0.5667380711585053
jęczeć,ndk,zajęczeć,dk,empty,0.5355626426968467
karmić,ndk,nakarmić,dk,empty,0.7265783753335766
kierować,ndk,skierować,dk,empty,0.6666187947090907
kierować,ndk,nakierować,dk,derived,0.5884270141208878
kierować,ndk,wykierować,dk,derived,0.5551868869355026
kierować,ndk,przekierować,dk,derived,0.45794618785972485
kiwać,ndk,kiwnąć,dk,suffixed,0.6229193648165859
kłamać,ndk,skłamać,dk,empty,0.714459911145397
kłamać,ndk,okłamać,dk,derived,0.6887545561952515
kłaść,ndk,położyć,dk,suppletion,0.793796602007066
kłócić,ndk,pokłócić,dk,empty,0.7050562604227963
kojarzyć,ndk,skojarzyć,dk,empty,0.7774147880240542
komentować,ndk,skomentować,dk,empty,0.744803598140507
koncentrować,ndk,skoncentrować,dk,empty,0.834671098020776
kontaktować,ndk,skontaktować,dk,empty,0.8093942070682082
kontaktować,ndk,zakontaktować,dk,derived,0.5648835913740567
kontrolować,ndk,skontrolować,dk,empty,0.7147249017531996
kończyć,ndk,skończyć,dk,empty,0.8167768065091823
korzystać,ndk,skorzystać,dk,empty,0.8476253081115706
kosztować,ndk,skosztować,dk,empty,0.40141385286099407
kraść,ndk,ukraść,dk,empty,0.6539135941548286
kraść,ndk,okraść,dk,derived,0.580236044989088
kraść,ndk,skraść,dk,derived,0.4856314611253898
kręcić,ndk,zakręcić,dk,empty,0.6182051410084367
krytykować,ndk,skrytykować,dk,empty,0.8045961038136775
krzyczeć,ndk,krzyknąć,dk,suffixed,0.6824091607852925
krzyczeć,ndk,pokrzyczeć,dk,derived,0.7383323906108077
krzyczeć,ndk,nakrzyczeć,dk,derived,0.6891390814206787
kształtować,ndk,ukształtować,dk,empty,0.7770446268985939
kupować,ndk,kupić,dk,suffixed,0.7656094949915481
kusić,ndk,skusić,dk,empty,0.6127539646157628
kusić,ndk,podkusić,dk,derived,0.5248519145391483
kwestionować,ndk,zakwestionować,dk,empty,0.75263769269484
lądować,ndk,wylądować,dk,empty,0.750959828337343
lecieć,ndk,polecieć,dk,empty,0.8232861202751639
lecieć,ndk,nadlecieć,dk,derived,0.6095489225701591
lecieć,ndk,przelecieć,dk,derived,0.6316394180056107
lecieć,ndk,przylecieć,dk,derived,0.687671485345061
lecieć,ndk,rozlecieć,dk,derived,0.5442240792933185
lecieć,ndk,wylecieć,dk,derived,0.6821262901701357
lecieć,ndk,zalecieć,dk,derived,0.6452474380481016
leczyć,ndk,wyleczyć,dk,empty,0.8133236714977665
leczyć,ndk,podleczyć,dk,derived,0.7001784906159797
leczyć,ndk,uleczyć,dk,derived,0.7000455129862755
leczyć,ndk,zaleczyć,dk,derived,0.6960489133927393
lekceważyć,ndk,zlekceważyć,dk,empty,0.7948475674043856
liczyć,ndk,policzyć,dk,empty,0.6091576911418167
lśnić,ndk,zalśnić,dk,empty,0.7783519174997967
łamać,ndk,złamać,dk,empty,0.7583109385907949
łapać,ndk,złapać,dk,empty,0.7715127622063398
łączyć,ndk,połączyć,dk,empty,0.8240379146832262
łączyć,ndk,złączyć,dk,derived,0.619867607866324
machać,ndk,machnąć,dk,suffixed,0.6448085859897409
machać,ndk,namachać,dk,derived,0.6409492528948784
machać,ndk,odmachać,dk,derived,0.6779497857468438
machać,ndk,pomachać,dk,derived,0.7832248120099436
machać,ndk,rozmachać,dk,derived,0.5405039326284341
machać,ndk,zamachać,dk,derived,0.6210641772520092
maleć,ndk,zmaleć,dk,empty,0.7066758379879351
malować,ndk,namalować,dk,empty,0.6985943325954372
malować,ndk,pomalować,dk,empty,0.7503909308479347
malować,ndk,umalować,dk,empty,0.6553364543742226
mamrotać,ndk,zamamrotać,dk,empty,0.8065798196564196
mamrotać,ndk,wymamrotać,dk,empty,0.8037914408121609
marnować,ndk,zmarnować,dk,empty,0.7884832875121442
marszczyć,ndk,zmarszczyć,dk,empty,0.7555071011801636
martwić,ndk,zmartwić,dk,empty,0.6272222515480178
marzyć,ndk,zamarzyć,dk,empty,0.72352152731714
marzyć,ndk,rozmarzyć,dk,derived,0.5844182588872942
marzyć,ndk,wymarzyć,dk,derived,0.5393927334236743
męczyć,ndk,zmęczyć,dk,empty,0.6765531758335013
mierzyć,ndk,zmierzyć,dk,empty,0.7772637188760576
mieszać,ndk,pomieszać,dk,empty,0.739275377587425
mieszać,ndk,wymieszać,dk,empty,0.6741738353678749
mieszać,ndk,zmieszać,dk,empty,0.7163893045190485
mieszać,ndk,wymieszać,dk,derived,0.6741738353678749
mieszać,ndk,rozmieszać,dk,derived,0.6892696354098732
mieszać,ndk,namieszać,dk,derived,0.5008602559934744
mieszać,ndk,przemieszać,dk,derived,0.6666022681318139
mieszać,ndk,wmieszać,dk,derived,0.6107837875571556
mieszać,ndk,zmieszać,dk,derived,0.7163893045190485
mieścić,ndk,zmieścić,dk,empty,0.6539893692333906
mijać,ndk,minąć,dk,suffixed,0.636706200992062
mijać,ndk,pominąć,dk,derived,0.3338762005536393
milczeć,ndk,zamilczeć,dk,empty,0.7532025853317286
milczeć,ndk,zmilczeć,dk,derived,0.7049290933525938
mordować,ndk,zamordować,dk,empty,0.6570583327755177
mordować,ndk,wymordować,dk,derived,0.6689005715130623
mordować,ndk,pomordować,dk,derived,0.558229523162995
mówić,ndk,powiedzieć,dk,suppletion,0.7784637866628966
mówić,ndk,pomówić,dk,derived,0.545796958542884
mówić,ndk,omówić,dk,derived,0.39360011880813783
mówić,ndk,wymówić,dk,derived,0.45056326653168766
mówić,ndk,zamówić,dk,derived,0.3522978929107813
mruczeć,ndk,mruknąć,dk,suffixed,0.5174922419555633
mruczeć,ndk,pomruczeć,dk,derived,0.8338305899252331
mruczeć,ndk,zamruczeć,dk,empty,0.7144798189093954
mrugać,ndk,mrugnąć,dk,suffixed,0.6251273075459635
mrugać,ndk,zamrugać,dk,empty,0.827062588781266
myć,ndk,umyć,dk,empty,0.7346361367338567
myć,ndk,zmyć,dk,derived,0.5590737779119348
myć,ndk,domyć,dk,derived,0.6102313686473909
myć,ndk,obmyć,dk,derived,0.48490750897700596
mylić,ndk,omylić,dk,empty,0.68993066592945
mylić,ndk,pomylić,dk,empty,0.7378331815277237
mylić,ndk,zmylić,dk,empty,0.4553716145180664
myśleć,ndk,pomyśleć,dk,empty,0.804740354965841
myśleć,ndk,przemyśleć,dk,derived,0.5709745212155062
nabierać,ndk,nabrać,dk,suffixed,0.7715394468552623
naciskać,ndk,nacisnąć,dk,suffixed,0.6653146589994988
nadawać,ndk,nadać,dk,suffixed,0.6857703245817346
nagrywać,ndk,nagrać,dk,suffixed,0.7875206360039041
nakazywać,ndk,nakazać,dk,suffixed,0.7447576068768188
nalegać,ndk,nalec,dk,suffixed,0.20091948247161395
namawiać,ndk,namówić,dk,suffixed,0.6839115536309849
napełniać,ndk,napełnić,dk,suffixed,0.8267164428034571
narastać,ndk,narosnąć,dk,suffixed,0.5786147870613796
narażać,ndk,narazić,dk,suffixed,0.7987643475051184
naruszać,ndk,naruszyć,dk,suffixed,0.8223496063559995
narzucać,ndk,narzucić,dk,suffixed,0.7868460420476395
następować,ndk,nastąpić,dk,suffixed,0.7119276884818689
nawiązywać,ndk,nawiązać,dk,suffixed,0.7248379736829634
nazywać,ndk,nazwać,dk,suffixed,0.7363531208802561
negocjować,ndk,wynegocjować,dk,empty,0.747796166405175
nienawidzić,ndk,znienawidzić,dk,empty,0.7802258114673257
niepokoić,ndk,zaniepokoić,dk,empty,0.7382747785969753
niszczyć,ndk,zniszczyć,dk,empty,0.8128489893287668
notować,ndk,zanotować,dk,empty,0.6901632293703555
notować,ndk,wynotować,dk,derived,0.5870406851243029
notować,ndk,odnotować,dk,derived,0.5756361034698161
nudzić,ndk,znudzić,dk,empty,0.6882622022307063
obejmować,ndk,objąć,dk,suffixed,0.6693312741604017
obiecywać,ndk,obiecać,dk,suffixed,0.7363508904112146
obniżać,ndk,obniżyć,dk,suffixed,0.7722532429547456
obracać,ndk,obrócić,dk,suffixed,0.7197336304589601
obrażać,ndk,obrazić,dk,suffixed,0.7549084551584296
obserwować,ndk,zaobserwować,dk,empty,0.7733986009391827
obsługiwać,ndk,obsłużyć,dk,suffixed,0.7563146430587337
oceniać,ndk,ocenić,dk,suffixed,0.747956661705868
ocierać,ndk,otrzeć,dk,suffixed,0.5472615660131898
odbierać,ndk,odebrać,dk,suffixed,0.7633180374739701
odbijać,ndk,odbić,dk,suffixed,0.7116732938967572
odbywać,ndk,odbyć,dk,suffixed,0.7551356932167325
odcinać,ndk,odciąć,dk,suffixed,0.7477768379636055
odczuwać,ndk,odczuć,dk,suffixed,0.6212914371072054
odczytywać,ndk,odczytać,dk,suffixed,0.7672337473537048
oddalać,ndk,oddalić,dk,suffixed,0.4662654521149755
oddawać,ndk,oddać,dk,suffixed,0.8186328577241407
oddychać,ndk,odetchnąć,dk,suffixed,0.5640649291631227
odgrywać,ndk,odegrać,dk,suffixed,0.8039826734372832
odjeżdżać,ndk,odjechać,dk,suffixed,0.713689127195755
odkrywać,ndk,odkryć,dk,suffixed,0.6566776606946093
odmawiać,ndk,odmówić,dk,suffixed,0.7418834049626164
odnosić,ndk,odnieść,dk,suffixed,0.7425136389852312
odpoczywać,ndk,odpocząć,dk,suffixed,0.724783370749246
odpowiadać,ndk,odpowiedzieć,dk,suffixed,0.6435535678443529
odrywać,ndk,oderwać,dk,suffixed,0.6385008781908229
odrzucać,ndk,odrzucić,dk,suffixed,0.7547547932298398
odsłaniać,ndk,odsłonić,dk,suffixed,0.682148383279421
odsuwać,ndk,odsunąć,dk,suffixed,0.7253746162619163
odwiedzać,ndk,odwiedzić,dk,suffixed,0.7771923619010817
odwoływać,ndk,odwołać,dk,suffixed,0.7357812859426458
odwracać,ndk,odwrócić,dk,suffixed,0.7680660913184822
odzywać,ndk,odezwać,dk,suffixed,0.7712874674526856
oferować,ndk,zaoferować,dk,empty,0.77102606992338
ogarniać,ndk,ogarnąć,dk,suffixed,0.7826085014107288
oglądać,ndk,oglądnąć,dk,suffixed,0.7141388393955412
oglądać,ndk,obejrzeć,dk,suppletion,0.7843338727042511
ogłaszać,ndk,ogłosić,dk,suffixed,0.7251970561682074
ograniczać,ndk,ograniczyć,dk,suffixed,0.8137560010433467
okazywać,ndk,okazać,dk,suffixed,0.5488829310809553
określać,ndk,określić,dk,suffixed,0.7429007051605742
omawiać,ndk,omówić,dk,suffixed,0.7003034664738664
omijać,ndk,ominąć,dk,suffixed,0.7021317715645553
opadać,ndk,opaść,dk,suffixed,0.703388767981064
opiekować,ndk,zaopiekować,dk,empty,0.8204172165408754
opierać,ndk,oprać,dk,suffixed,0.35017807664615574
opierać,ndk,oprzeć,dk,suffixed,0.6491568565026699
opisywać,ndk,opisać,dk,suffixed,0.7493444725111964
opłacać,ndk,opłacić,dk,suffixed,0.7658592113705175
opowiadać,ndk,opowiedzieć,dk,suffixed,0.7511051243255076
opuszczać,ndk,opuścić,dk,suffixed,0.6881398164635072
organizować,ndk,zorganizować,dk,empty,0.8136694542427472
osiągać,ndk,osiągnąć,dk,suffixed,0.7793001395883207
oskarżać,ndk,oskarżyć,dk,suffixed,0.7568519922956068
osłaniać,ndk,osłonić,dk,suffixed,0.6977556519460001
ostrzegać,ndk,ostrzec,dk,suffixed,0.6932418189796581
oszczędzać,ndk,oszczędzić,dk,suffixed,0.6551086164831034
oszukiwać,ndk,oszukać,dk,suffixed,0.6859486056899454
oświetlać,ndk,oświetlić,dk,suffixed,0.7452400357338161
otaczać,ndk,otoczyć,dk,suffixed,0.6386420245395998
otrzymywać,ndk,otrzymać,dk,suffixed,0.7180172521853077
otwierać,ndk,otworzyć,dk,suffixed,0.7660424781176167
oznaczać,ndk,oznaczyć,dk,suffixed,0.4834849402108885
pachnieć,ndk,zapachnieć,dk,empty,0.6924095230483591
padać,ndk,padnąć,dk,suffixed,0.4178238731803682
padać,ndk,paść,dk,suffixed,0.6449593840507188
pakować,ndk,zapakować,dk,empty,0.7357733665965576
pakować,ndk,spakować,dk,empty,0.7064583434146681
pakować,ndk,przypakować,dk,derived,0.558773325195162
pakować,ndk,przepakować,dk,derived,0.6139054142387663
pakować,ndk,dopakować,dk,derived,0.6201370080935522
pakować,ndk,napakować,dk,derived,0.5893970195666884
pakować,ndk,wypakować,dk,derived,0.5857059730085816
panować,ndk,zapanować,dk,empty,0.7106338668071892
panować,ndk,opanować,dk,derived,0.4924757995437391
pasować,ndk,spasować,dk,empty,0.552994448922676
pasować,ndk,przypasować,dk,derived,0.6562619054826265
pchać,ndk,pchnąć,dk,suffixed,0.5809474372885692
pędzić,ndk,popędzić,dk,empty,0.7283662768422942
pędzić,ndk,wypędzić,dk,derived,0.45450477375359166
pędzić,ndk,dopędzić,dk,derived,0.5588060742350741
pędzić,ndk,zapędzić,dk,derived,0.5573322175889169
pędzić,ndk,przepędzić,dk,derived,0.48327244366138467
pędzić,ndk,odpędzić,dk,derived,0.4280889467778919
pękać,ndk,pęknąć,dk,suffixed,0.6418551339219319
pękać,ndk,spękać,dk,derived,0.5588501007371118
pić,ndk,wypić,dk,empty,0.7662102859949038
pić,ndk,przepić,dk,derived,0.5011231827475592
pić,ndk,zapić,dk,derived,0.5958183778043284
pić,ndk,rozpić,dk,derived,0.2681509806583212
pić,ndk,podpić,dk,derived,0.2741588976843121
pić,ndk,odpić,dk,derived,0.2397790249326084
pić,ndk,nadpić,dk,derived,0.07562888914020816
pić,ndk,spić,dk,derived,0.47006375301776315
pić,ndk,upić,dk,derived,0.6087398769072204
pić,ndk,popić,dk,derived,0.6546135715331416
piec,ndk,upiec,dk,empty,0.6223487028296052
piec,ndk,opiec,dk,derived,0.41022898257427
piec,ndk,przypiec,dk,derived,0.5168604897348461
piec,ndk,wypiec,dk,derived,0.6182086724144686
piec,ndk,dopiec,dk,derived,0.4524415516744664
piec,ndk,zapiec,dk,derived,0.544885254684651
piec,ndk,spiec,dk,derived,0.5724051488219963
piec,ndk,napiec,dk,derived,0.540135013719158
piec,ndk,podpiec,dk,derived,0.5578134625018252
pilnować,ndk,upilnować,dk,empty,0.6573639770291951
pisać,ndk,napisać,dk,empty,0.78489420659696
pisać,ndk,dopisać,dk,derived,0.6002546940924199
pisać,ndk,opisać,dk,derived,0.5478121991074371
pisać,ndk,przepisać,dk,derived,0.49800129778008007
pisać,ndk,zapisać,dk,derived,0.4998398750511708
planować,ndk,zaplanować,dk,empty,0.8155188059095296
planować,ndk,splanować,dk,empty,0.5107957060327151
plasować,ndk,uplasować,dk,empty,0.8378545306567434
płacić,ndk,zapłacić,dk,empty,0.857148004869423
płakać,ndk,zapłakać,dk,empty,0.7567858474082642
płonąć,ndk,spłonąć,dk,empty,0.7291597060669767
płynąć,ndk,popłynąć,dk,empty,0.7744615844675713
pobierać,ndk,pobrać,dk,suffixed,0.6773682808340714
pochłaniać,ndk,pochłonąć,dk,suffixed,0.6617426873653361
pochylać,ndk,pochylić,dk,suffixed,0.7404578297970978
pociągać,ndk,pociągnąć,dk,suffixed,0.7130509932152045
pocieszać,ndk,pocieszyć,dk,suffixed,0.7722021243674431
poczynać,ndk,począć,dk,suffixed,0.5481337181590732
podawać,ndk,podać,dk,suffixed,0.793868222197278
podążać,ndk,podążyć,dk,suffixed,0.8138146292999396
poddawać,ndk,poddać,dk,suffixed,0.8242227260658942
podejmować,ndk,podjąć,dk,suffixed,0.8041081632663933
podkreślać,ndk,podkreślić,dk,suffixed,0.6992212871134195
podlegać,ndk,podlec,dk,suffixed,0.3414401143572203
podnosić,ndk,podnieść,dk,suffixed,0.8129593557574472
podobać,ndk,spodobać,dk,empty,0.7759485904844315
podpisywać,ndk,podpisać,dk,suffixed,0.7615931398942714
podpowiadać,ndk,podpowiedzieć,dk,suffixed,0.7256598159608761
podskakiwać,ndk,podskoczyć,dk,suffixed,0.6408271047879868
podtrzymywać,ndk,podtrzymać,dk,suffixed,0.7952409042742621
pojawiać,ndk,pojawić,dk,suffixed,0.806081012354954
pojmować,ndk,pojąć,dk,suffixed,0.5580081124846434
pokazywać,ndk,pokazać,dk,suffixed,0.7945588155726184
pokonywać,ndk,pokonać,dk,suffixed,0.7885630078583288
pokrywać,ndk,pokryć,dk,suffixed,0.718705331445698
polecać,ndk,polecić,dk,suffixed,0.7120149649032876
pomagać,ndk,pomóc,dk,suffixed,0.8080371313177729
pomijać,ndk,pominąć,dk,suffixed,0.7330189882278408
ponosić,ndk,ponieść,dk,suffixed,0.7570428628021484
popełniać,ndk,popełnić,dk,suffixed,0.818923500664534
popierać,ndk,poprzeć,dk,suffixed,0.706655255389758
popijać,ndk,popić,dk,suffixed,0.7474404398912913
poprawiać,ndk,poprawić,dk,suffixed,0.8172759435073249
porównywać,ndk,porównać,dk,suffixed,0.7614619982813754
poruszać,ndk,poruszyć,dk,suffixed,0.6537428165055733
posiadać,ndk,posiąść,dk,suffixed,0.5596320632741092
posiadać,ndk,posieść,dk,suffixed,0.33265429566321436
postanawiać,ndk,postanowić,dk,suffixed,0.7065594548108525
postępować,ndk,postąpić,dk,suffixed,0.7450544446111215
postrzegać,ndk,postrzec,dk,suffixed,0.6300915105216722
posuwać,ndk,posunąć,dk,suffixed,0.6439226981100199
posyłać,ndk,posłać,dk,suffixed,0.7519669520925935
poszukiwać,ndk,poszukać,dk,suffixed,0.7384751919019255
poświęcać,ndk,poświęcić,dk,suffixed,0.8528599329485319
potrząsać,ndk,potrząsnąć,dk,suffixed,0.7465762180603233
potwierdzać,ndk,potwierdzić,dk,suffixed,0.6966369697908026
powiększać,ndk,powiększyć,dk,suffixed,0.717874306269506
powodować,ndk,spowodować,dk,empty,0.8756764834481505
powoływać,ndk,powołać,dk,suffixed,0.7537918075135138
powracać,ndk,powrócić,dk,suffixed,0.7183907206484893
powstawać,ndk,powstać,dk,suffixed,0.78671120816644
powstrzymywać,ndk,powstrzymać,dk,suffixed,0.7963160106473876
powtarzać,ndk,powtórzyć,dk,suffixed,0.7808995476807173
poznawać,ndk,poznać,dk,suffixed,0.7360235707972714
pozostawać,ndk,pozostać,dk,suffixed,0.8172091730302028
pozostawiać,ndk,pozostawić,dk,suffixed,0.8296936361982865
pozwalać,ndk,pozwolić,dk,suffixed,0.7505018463434071
pragnąć,ndk,zapragnąć,dk,empty,0.7508120146623841
prezentować,ndk,zaprezentować,dk,empty,0.6818304462391285
prezentować,ndk,sprezentować,dk,derived,0.4669342496330785
produkować,ndk,wyprodukować,dk,empty,0.7830087124621424
proponować,ndk,zaproponować,dk,empty,0.7758956483084782
prosić,ndk,poprosić,dk,empty,0.8397540010198753
prosić,ndk,oprosić,dk,empty,0.6514903465484292
prosić,ndk,doprosić,dk,derived,0.6938667041370312
prosić,ndk,naprosić,dk,derived,0.5409430595820225
prosić,ndk,odprosić,dk,derived,0.6524718757600197
prosić,ndk,poprosić,dk,derived,0.8397540010198753
prosić,ndk,przeprosić,dk,derived,0.5708022026419586
prosić,ndk,sprosić,dk,derived,0.6338549515206008
prosić,ndk,uprosić,dk,derived,0.7039180441980618
prosić,ndk,wyprosić,dk,derived,0.7260284845666626
prosić,ndk,zaprosić,dk,derived,0.5976255165739089
protestować,ndk,zaprotestować,dk,empty,0.7525639563391439
próbować,ndk,spróbować,dk,empty,0.7966712500996971
próbować,ndk,wypróbować,dk,derived,0.5775131514516186
próbować,ndk,popróbować,dk,derived,0.7105876468353592
przebiegać,ndk,przebiec,dk,suffixed,0.47982826405546475
przebiegać,ndk,przebiegnąć,dk,suffixed,0.597618110134597
przebierać,ndk,przebrać,dk,suffixed,0.6103773259175901
przebijać,ndk,przebić,dk,suffixed,0.7195047473314992
przebywać,ndk,przebyć,dk,suffixed,0.4302412127682338
przechowywać,ndk,przechować,dk,suffixed,0.7973087287672525
przeciągać,ndk,przeciągnąć,dk,suffixed,0.7411650098118499
przecinać,ndk,przeciąć,dk,suffixed,0.7380436821336803
przedstawiać,ndk,przedstawić,dk,suffixed,0.747925342853679
przeglądać,ndk,przeglądnąć,dk,suffixed,0.677145671568551
przeglądać,ndk,przejrzeć,dk,suffixed,0.7024768646801947
przegrywać,ndk,przegrać,dk,suffixed,0.7274285538317389
przejawiać,ndk,przejawić,dk,suffixed,0.7880310254922307
przejeżdżać,ndk,przejechać,dk,suffixed,0.6444858800530323
przejmować,ndk,przejąć,dk,suffixed,0.5879675735869149
przekazywać,ndk,przekazać,dk,suffixed,0.7877382903236658
przeklinać,ndk,przekląć,dk,suffixed,0.6263664732078896
przekonywać,ndk,przekonać,dk,suffixed,0.6886099994526735
przekraczać,ndk,przekroczyć,dk,suffixed,0.869791819230209
przemawiać,ndk,przemówić,dk,suffixed,0.644561450189771
przemierzać,ndk,przemierzyć,dk,suffixed,0.8108075950231143
przenikać,ndk,przeniknąć,dk,suffixed,0.6611392126469675
przenosić,ndk,przenieść,dk,suffixed,0.7599136913471314
przepadać,ndk,przepaść,dk,suffixed,0.22164216415868498
przepraszać,ndk,przeprosić,dk,suffixed,0.7046831481492669
przeprowadzać,ndk,przeprowadzić,dk,suffixed,0.843525235984689
przerażać,ndk,przerazić,dk,suffixed,0.7575408289048773
przerywać,ndk,przeryć,dk,suffixed,0.46679540576477974
przesadzać,ndk,przesadzić,dk,suffixed,0.8284892973096006
przestawać,ndk,przestać,dk,suffixed,0.7253319128575494
przestrzegać,ndk,przestrzec,dk,suffixed,0.5459894341764336
przesuwać,ndk,przesunąć,dk,suffixed,0.6821104385678745
przesyłać,ndk,przesłać,dk,suffixed,0.731119713125567
przeszkadzać,ndk,przeszkodzić,dk,suffixed,0.6859111396946505
przeważać,ndk,przeważyć,dk,suffixed,0.5563919711704771
przewidywać,ndk,przewidzieć,dk,suffixed,0.7473590314776394
przewracać,ndk,przewrócić,dk,suffixed,0.7165198123162189
przewyższać,ndk,przewyższyć,dk,suffixed,0.7314551325830467
przeżywać,ndk,przeżyć,dk,suffixed,0.6522809053992805
przybierać,ndk,przybrać,dk,suffixed,0.806165456861177
przybywać,ndk,przybyć,dk,suffixed,0.5783760541001841
przychodzić,ndk,przyjść,dk,suffixed,0.7351511586884969
przyciągać,ndk,przyciągnąć,dk,suffixed,0.8099042972207849
przyciskać,ndk,przycisnąć,dk,suffixed,0.7683719862306948
przyczyniać,ndk,przyczynić,dk,suffixed,0.8320614997754964
przyglądać,ndk,przyjrzeć,dk,suffixed,0.7913240613825461
przyglądać,ndk,przyglądnąć,dk,suffixed,0.7889100293494722
przygotowywać,ndk,przygotować,dk,suffixed,0.8158235772932603
przyjeżdżać,ndk,przyjechać,dk,suffixed,0.7602344658821255
przyjmować,ndk,przyjąć,dk,suffixed,0.754602120757185
przynosić,ndk,przynieść,dk,suffixed,0.8078933400930135
przypadać,ndk,przypaść,dk,suffixed,0.6138697650591066
przypatrywać,ndk,przypatrzyć,dk,suffixed,0.823652677174463
przypatrywać,ndk,przypatrzeć,dk,suffixed,0.8066688390968816
przypisywać,ndk,przypisać,dk,suffixed,0.8170862079266541
przypominać,ndk,przypomnieć,dk,suffixed,0.68427556344163
przypuszczać,ndk,przypuścić,dk,suffixed,0.6527972594177449
przysięgać,ndk,przysiąc,dk,suffixed,0.5925753534716931
przysięgać,ndk,przysięgnąć,dk,suffixed,0.8112413438918723
przywiązywać,ndk,przywiązać,dk,suffixed,0.7301879819213465
przywoływać,ndk,przywołać,dk,suffixed,0.7467168973844105
przyznawać,ndk,przyznać,dk,suffixed,0.5924698749617314
psuć,ndk,zepsuć,dk,empty,0.7326829634318263
psuć,ndk,popsuć,dk,empty,0.7768115928882702
publikować,ndk,opublikować,dk,empty,0.7796515892606044
puszczać,ndk,puścić,dk,suffixed,0.7790614028097821
pytać,ndk,spytać,dk,empty,0.8023862563960656
pytać,ndk,wypytać,dk,derived,0.6956055227339485
pytać,ndk,zapytać,dk,derived,0.8044391965606944
radzić,ndk,poradzić,dk,empty,0.8658196607544735
radzić,ndk,doradzić,dk,derived,0.49624084886384456
radzić,ndk,odradzić,dk,derived,0.3692707664586159
ratować,ndk,uratować,dk,empty,0.8460099067385127
ratować,ndk,odratować,dk,derived,0.6495589117003233
ratować,ndk,poratować,dk,derived,0.6241596867315439
reagować,ndk,zareagować,dk,empty,0.8235829706319312
realizować,ndk,zrealizować,dk,empty,0.8416234699657472
relacjonować,ndk,zrelacjonować,dk,empty,0.7983982900650092
rezygnować,ndk,zrezygnować,dk,empty,0.8533876803027934
robić,ndk,zrobić,dk,empty,0.8441086193381662
robić,ndk,dorobić,dk,derived,0.534853632803825
robić,ndk,nadrobić,dk,derived,0.3696029850595792
robić,ndk,odrobić,dk,derived,0.40006020676750054
robić,ndk,podrobić,dk,derived,0.3706676356818599
robić,ndk,przerobić,dk,derived,0.515904285591853
robić,ndk,urobić,dk,derived,0.4368061956910413
robić,ndk,wyrobić,dk,derived,0.4076230160712222
robić,ndk,zarobić,dk,derived,0.49325040327039793
rodzić,ndk,urodzić,dk,empty,0.6484592272657634
rosnąć,ndk,urosnąć,dk,empty,0.72728167285622
rozbijać,ndk,rozbić,dk,suffixed,0.7462398963318009
rozciągać,ndk,rozciągnąć,dk,suffixed,0.7628915286087977
rozdawać,ndk,rozdać,dk,suffixed,0.7281433791604885
rozglądać,ndk,rozglądnąć,dk,suffixed,0.7865649150509713
rozglądać,ndk,rozejrzeć,dk,suffixed,0.788529506219096
rozgrywać,ndk,rozegrać,dk,suffixed,0.7186438067999956
rozgrywać,ndk,rozgrać,dk,suffixed,0.4356740668597632
rozlegać,ndk,rozlec,dk,suffixed,0.32734722847612496
rozlegać,ndk,rozlegnąć,dk,suffixed,0.7102226719616468
rozpoczynać,ndk,rozpocząć,dk,suffixed,0.7863766001597058
rozpoznawać,ndk,rozpoznać,dk,suffixed,0.7323046649737813
rozumieć,ndk,zrozumieć,dk,empty,0.6792041228909667
rozważać,ndk,rozważyć,dk,suffixed,0.7443214741830178
rozwiązywać,ndk,rozwiązać,dk,suffixed,0.7691294446122189
rozwijać,ndk,rozwinąć,dk,suffixed,0.7103851381948243
rozwijać,ndk,rozwić,dk,suffixed,0.3999695899903596
ruszać,ndk,ruszyć,dk,suffixed,0.7778647148653134
rysować,ndk,narysować,dk,empty,0.7294988829999397
rysować,ndk,dorysować,dk,derived,0.5857452375225051
rysować,ndk,obrysować,dk,derived,0.6437091328181352
rysować,ndk,odrysować,dk,derived,0.6044121666540191
rysować,ndk,porysować,dk,derived,0.5332593593323576
rysować,ndk,przerysować,dk,derived,0.5971523599025683
rysować,ndk,rozrysować,dk,derived,0.5852669418216884
rysować,ndk,wrysować,dk,derived,0.6389293852184278
rysować,ndk,wyrysować,dk,derived,0.636953525866058
rysować,ndk,zarysować,dk,derived,0.4778920667259594
rysować,ndk,zrysować,dk,derived,0.5976127339412193
ryzykować,ndk,zaryzykować,dk,empty,0.7388819797452728
rzucać,ndk,rzucić,dk,suffixed,0.768936591661644
siadać,ndk,siąść,dk,suffixed,0.6793695185655725
siadać,ndk,sieść,dk,suffixed,0.30533285552459544
sięgać,ndk,sięgnąć,dk,suffixed,0.8305456863537627
skakać,ndk,skoczyć,dk,suffixed,0.6806812335044474
skarżyć,ndk,poskarżyć,dk,empty,0.7361548680375418
skarżyć,ndk,zaskarżyć,dk,derived,0.6626731189891398
skłaniać,ndk,skłonić,dk,suffixed,0.720567164330032
skręcać,ndk,skręcić,dk,suffixed,0.7143805488534963
skupiać,ndk,skupić,dk,suffixed,0.8524889773101014
słuchać,ndk,posłuchać,dk,empty,0.8001182851856973
słyszeć,ndk,usłyszeć,dk,empty,0.81755852344417
snuć,ndk,usnuć,dk,empty,0.6121958549885941
spacerować,ndk,pospacerować,dk,empty,0.7610523826380325
spadać,ndk,spaść,dk,suffixed,0.763909721586182
spełniać,ndk,spełnić,dk,suffixed,0.8385781980633099
spędzać,ndk,spędzić,dk,suffixed,0.8635537667741779
spieszyć,ndk,pospieszyć,dk,empty,0.7737488900559278
spisywać,ndk,spisać,dk,suffixed,0.7083898363091242
spływać,ndk,spłynąć,dk,suffixed,0.7432711295128824
spływać,ndk,spławić,dk,derived,0.48249072682539773
spoczywać,ndk,spocząć,dk,suffixed,0.7476059722293936
spoglądać,ndk,spoglądnąć,dk,suffixed,0.6405593607004788
spoglądać,ndk,spojrzeć,dk,suffixed,0.7430262377355288
spoglądać,ndk,spójrzeć,dk,suffixed,0.5445324534918243
spotykać,ndk,spotkać,dk,suffixed,0.7343826976273472
sprawdzać,ndk,sprawdzić,dk,suffixed,0.7867199951712542
sprawiać,ndk,sprawić,dk,suffixed,0.7647336728410229
sprowadzać,ndk,sprowadzić,dk,suffixed,0.7782778701086637
sprzątać,ndk,sprzątnąć,dk,suffixed,0.6774940225092153
sprzeciwiać,ndk,sprzeciwić,dk,suffixed,0.7095591294181282
sprzedawać,ndk,sprzedać,dk,suffixed,0.7701506849295824
spuszczać,ndk,spuścić,dk,suffixed,0.7708810293787072
stać,ndk,stawać,dk,suffixed,0.6527897864654282
starać,ndk,postarać,dk,empty,0.7906330964460216
startować,ndk,wystartować,dk,empty,0.817646012387111
stawać,ndk,stać,dk,suffixed,0.6527897864654282
stawać,ndk,stanąć,dk,suffixed,0.6692632564077544
stawiać,ndk,postawić,dk,empty,0.7792914499440113
stawiać,ndk,stawić,dk,suffixed,0.6226623923016836
stosować,ndk,zastosować,dk,empty,0.854415567710253
straszyć,ndk,nastraszyć,dk,empty,0.7212346325512066
straszyć,ndk,przestraszyć,dk,empty,0.7338374023411163
straszyć,ndk,odstraszyć,dk,derived,0.6341791285877246
strzec,ndk,ustrzec,dk,empty,0.5102137108043143
strzelać,ndk,strzelić,dk,suffixed,0.6841305469850182
strzelać,ndk,ostrzelać,dk,derived,0.7029799774347565
strzelać,ndk,rozstrzelać,dk,derived,0.6130649306399591
studiować,ndk,przestudiować,dk,empty,0.5683310897725056
stukać,ndk,stuknąć,dk,suffixed,0.6153087591747587
stukać,ndk,nastukać,dk,derived,0.6546638930559748
stwarzać,ndk,stworzyć,dk,suffixed,0.6095370924300721
stwierdzać,ndk,stwierdzić,dk,suffixed,0.5939190635617224
sugerować,ndk,zasugerować,dk,empty,0.7226537441668663
sypać,ndk,sypnąć,dk,suffixed,0.6700897041295096
szacować,ndk,oszacować,dk,empty,0.8247304776708945
szarpać,ndk,szarpnąć,dk,suffixed,0.6185108116373723
szarpać,ndk,rozszarpać,dk,derived,0.6308252816253492
szarpać,ndk,obszarpać,dk,derived,0.5976681750905366
szarpać,ndk,wyszarpać,dk,derived,0.6183571041188183
szeptać,ndk,szepnąć,dk,suffixed,0.7112101240603783
szeptać,ndk,wyszeptać,dk,derived,0.7677580103805064
szkodzić,ndk,zaszkodzić,dk,empty,0.7868305969990828
szykować,ndk,uszykować,dk,empty,0.6703133070033799
szykować,ndk,przyszykować,dk,derived,0.7085795172612133
ściągać,ndk,ściągnąć,dk,suffixed,0.8111321852362023
ściskać,ndk,ścisnąć,dk,suffixed,0.694173137208843
śmiać,ndk,roześmiać,dk,empty,0.700856013952867
śpieszyć,ndk,pośpieszyć,dk,empty,0.7582944291640409
śpiewać,ndk,zaśpiewać,dk,empty,0.7861730636720027
śpiewać,ndk,odśpiewać,dk,derived,0.6771518816811358
śpiewać,ndk,wyśpiewać,dk,derived,0.7353163097959969
śpiewać,ndk,dośpiewać,dk,derived,0.6359265615610037
tańczyć,ndk,zatańczyć,dk,empty,0.7802492496968249
tańczyć,ndk,przetańczyć,dk,derived,0.6555308764128323
tańczyć,ndk,wytańczyć,dk,derived,0.6193690639457509
tkwić,ndk,utkwić,dk,empty,0.633955100711588
tłuc,ndk,stłuc,dk,empty,0.5667411176378983
tłuc,ndk,dotłuc,dk,derived,0.4231747080368763
tłuc,ndk,nadtłuc,dk,derived,0.43307502550176635
tłuc,ndk,natłuc,dk,derived,0.5932447296793238
tłuc,ndk,obtłuc,dk,derived,0.5566628424569767
tłuc,ndk,odtłuc,dk,derived,0.46859882396262187
tłuc,ndk,otłuc,dk,derived,0.48313699291334344
tłuc,ndk,potłuc,dk,derived,0.5251934227318393
tłuc,ndk,przetłuc,dk,derived,0.4159495964612354
tłuc,ndk,przytłuc,dk,derived,0.46261249815905536
tłuc,ndk,roztłuc,dk,derived,0.5797401903155753
tłuc,ndk,utłuc,dk,derived,0.6251114586312876
tłuc,ndk,wtłuc,dk,derived,0.5530149393179702
tłuc,ndk,wytłuc,dk,derived,0.6278512449285708
tłuc,ndk,zatłuc,dk,derived,0.6075608445289407
tłumaczyć,ndk,przetłumaczyć,dk,empty,0.658799079007756
tłumaczyć,ndk,wytłumaczyć,dk,empty,0.7696966436491647
toczyć,ndk,potoczyć,dk,empty,0.6647568852306767
tonąć,ndk,zatonąć,dk,empty,0.7086545629069811
tonąć,ndk,utonąć,dk,empty,0.6875837726145615
tracić,ndk,stracić,dk,empty,0.7916001171088826
trafiać,ndk,trafić,dk,suffixed,0.7741816840691178
traktować,ndk,potraktować,dk,empty,0.8855593732524258
trenować,ndk,wytrenować,dk,empty,0.6806511499782869
troszczyć,ndk,zatroszczyć,dk,empty,0.7806119189187738
trząść,ndk,zatrząść,dk,empty,0.6078200717082018
tworzyć,ndk,utworzyć,dk,empty,0.7465427871264906
tworzyć,ndk,stworzyć,dk,derived,0.7980436927023721
ubiegać,ndk,ubiec,dk,suffixed,0.3216893031983721
ubiegać,ndk,ubiegnąć,dk,suffixed,0.55883300166317
ubierać,ndk,ubrać,dk,suffixed,0.7802783161181461
uciekać,ndk,uciec,dk,suffixed,0.788211448120631
uciekać,ndk,ucieknąć,dk,suffixed,0.6321112388277021
uczyć,ndk,nauczyć,dk,empty,0.8642143496308631
uczyć,ndk,oduczyć,dk,derived,0.606383788597699
uczyć,ndk,wyuczyć,dk,derived,0.6622452040523888
uczyć,ndk,douczyć,dk,derived,0.6260864207362359
uczyć,ndk,przeuczyć,dk,derived,0.5413865485516045
udawać,ndk,udać,dk,suffixed,0.5370553308172593
uderzać,ndk,uderzyć,dk,suffixed,0.7796589427704126
udzielać,ndk,udzielić,dk,suffixed,0.7985048779802613
ufać,ndk,zaufać,dk,empty,0.8295325025335436
ujawniać,ndk,ujawnić,dk,suffixed,0.8038992367488671
ujmować,ndk,ująć,dk,suffixed,0.6230450145933623
ukazywać,ndk,ukazać,dk,suffixed,0.7324665097427495
ukrywać,ndk,ukryć,dk,suffixed,0.7378878810683387
ulegać,ndk,ulec,dk,suffixed,0.7900889222825735
ulegać,ndk,ulegnąć,dk,suffixed,0.6926378124283246
ułatwiać,ndk,ułatwić,dk,suffixed,0.8223607898504471
umierać,ndk,umrzeć,dk,suffixed,0.7584401939736193
umieszczać,ndk,umieścić,dk,suffixed,0.7928925566064823
umożliwiać,ndk,umożliwić,dk,suffixed,0.8039903299591592
uniemożliwiać,ndk,uniemożliwić,dk,suffixed,0.795192001962164
unikać,ndk,uniknąć,dk,suffixed,0.7128302623299443
unosić,ndk,unieść,dk,suffixed,0.6236347180850232
upierać,ndk,uprzeć,dk,suffixed,0.5603263948987671
uprawiać,ndk,uprawić,dk,suffixed,0.7737874057202325
urządzać,ndk,urządzić,dk,suffixed,0.7003766346574849
uspokajać,ndk,uspokoić,dk,suffixed,0.7425913386792962
usprawiedliwiać,ndk,usprawiedliwić,dk,suffixed,0.724271911936329
ustalać,ndk,ustalić,dk,suffixed,0.736852365061172
ustawiać,ndk,ustawić,dk,suffixed,0.8337586224254703
ustępować,ndk,ustąpić,dk,suffixed,0.7935444532405904
usuwać,ndk,usunąć,dk,suffixed,0.7632432585492878
uśmiechać,ndk,uśmiechnąć,dk,suffixed,0.7291732258031163
uświadamiać,ndk,uświadomić,dk,suffixed,0.7276968992241976
utrudniać,ndk,utrudnić,dk,suffixed,0.8157531646719336
utrzymywać,ndk,utrzymać,dk,suffixed,0.8126658932804193
uwielbiać,ndk,uwielbić,dk,suffixed,0.6373128899688226
uwzględniać,ndk,uwzględnić,dk,suffixed,0.7974078951201135
uzasadniać,ndk,uzasadnić,dk,suffixed,0.754519092722908
uznawać,ndk,uznać,dk,suffixed,0.7486256780336076
uzupełniać,ndk,uzupełnić,dk,suffixed,0.7914094251612451
uzyskiwać,ndk,uzyskać,dk,suffixed,0.7247496717461237
używać,ndk,użyć,dk,suffixed,0.8237499994065607
wahać,ndk,zawahać,dk,empty,0.5921080197308979
walić,ndk,walnąć,dk,suffixed,0.6323155679509213
ważyć,ndk,zważyć,dk,empty,0.5384013550243077
wątpić,ndk,zwątpić,dk,empty,0.7482651895561685
wbijać,ndk,wbić,dk,suffixed,0.7964884949534887
wciągać,ndk,wciągnąć,dk,suffixed,0.784684195146181
wciskać,ndk,wcisnąć,dk,suffixed,0.8027246990849584
widzieć,ndk,zobaczyć,dk,suppletion,0.7087346998424493
wierzyć,ndk,uwierzyć,dk,empty,0.8097231353009413
wieść,ndk,powieść,dk,empty,0.43957960818824615
wieść,ndk,dowieść,dk,derived,0.3406843730090334
wieść,ndk,odwieść,dk,derived,0.29476874450905
wieść,ndk,przywieść,dk,derived,0.36612409534350787
wieść,ndk,uwieść,dk,derived,0.2642607304554976
wieść,ndk,wywieść,dk,derived,0.2537339451924636
wieść,ndk,zwieść,dk,derived,0.27753389370874193
wieść,ndk,zawieść,dk,derived,0.32455565324532487
wieźć,ndk,powieźć,dk,empty,0.6959966218114967
wieźć,ndk,zwieźć,dk,derived,0.6900204256090765
wieźć,ndk,zawieźć,dk,derived,0.7348964174999302
wieźć,ndk,przywieźć,dk,derived,0.6865525912488568
wirować,ndk,wywirować,dk,empty,0.4843097234917363
witać,ndk,przywitać,dk,empty,0.750215556287293
wkraczać,ndk,wkroczyć,dk,suffixed,0.7459376811597453
wlec,ndk,powlec,dk,empty,0.44465037519561146
włączać,ndk,włączyć,dk,suffixed,0.8261320955324283
wnosić,ndk,wnieść,dk,suffixed,0.7686187173669494
wołać,ndk,zawołać,dk,empty,0.6540438374231262
wołać,ndk,przywołać,dk,derived,0.3977095613823154
wpadać,ndk,wpaść,dk,suffixed,0.7316357887409001
wpatrywać,ndk,wpatrzeć,dk,suffixed,0.8092994169553925
wpatrywać,ndk,wpatrzyć,dk,suffixed,0.8016767312907503
wpisywać,ndk,wpisać,dk,suffixed,0.7358765407375394
wpływać,ndk,wpłynąć,dk,suffixed,0.8537147354257645
wprowadzać,ndk,wprowadzić,dk,suffixed,0.8469439214098881
wpuszczać,ndk,wpuścić,dk,suffixed,0.7948763378319879
wracać,ndk,wrócić,dk,suffixed,0.8353404421070532
wrzeszczeć,ndk,wrzasnąć,dk,suffixed,0.6505246184271005
wrzeszczeć,ndk,zawrzeszczeć,dk,empty,0.5786070634632204
wrzucać,ndk,wrzucić,dk,suffixed,0.8241602758724155
wsiadać,ndk,wsiąść,dk,suffixed,0.7727194981278408
wskazywać,ndk,wskazać,dk,suffixed,0.6878074696463479
wspierać,ndk,wesprzeć,dk,suffixed,0.7919847578031518
wspinać,ndk,wspiąć,dk,suffixed,0.7389912397292273
wspominać,ndk,wspomnąć,dk,suffixed,0.5811363203045135
wspominać,ndk,wspomnieć,dk,suffixed,0.6531857246608871
wstawać,ndk,wstać,dk,suffixed,0.8429134289893204
wtrącać,ndk,wtrącić,dk,suffixed,0.5803513394530401
wybierać,ndk,wybrać,dk,suffixed,0.8013402020917063
wybuchać,ndk,wybuchnąć,dk,suffixed,0.7010435611511721
wychowywać,ndk,wychować,dk,suffixed,0.7976505569219285
wyciągać,ndk,wyciągnąć,dk,suffixed,0.8193305175585571
wycierać,ndk,wytrzeć,dk,suffixed,0.7154674403861521
wycofywać,ndk,wycofać,dk,suffixed,0.7536687575685674
wyczuwać,ndk,wyczuć,dk,suffixed,0.7325060379535977
wyć,ndk,zawyć,dk,empty,0.5878223730428447
wydawać,ndk,wydać,dk,suffixed,0.7539393586789451
wydobywać,ndk,wydobyć,dk,suffixed,0.7505046543756706
wyglądać,ndk,wyglądnąć,dk,suffixed,0.6402058034783046
wyglądać,ndk,wyjrzeć,dk,suffixed,0.32204611747452705
wygrywać,ndk,wygrać,dk,suffixed,0.7468674391365162
wyjaśniać,ndk,wyjaśnić,dk,suffixed,0.7748796519294961
wyjmować,ndk,wyjąć,dk,suffixed,0.7519629836709052
wykazywać,ndk,wykazać,dk,suffixed,0.7298768567165994
wykluczać,ndk,wykluczyć,dk,suffixed,0.7236579999492642
wykonywać,ndk,wykonać,dk,suffixed,0.79743609873859
wykorzystywać,ndk,wykorzystać,dk,suffixed,0.8269581663558037
wykrzykiwać,ndk,wykrzyknąć,dk,suffixed,0.6410892672717454
wyliczać,ndk,wyliczyć,dk,suffixed,0.7001024678436398
wyłaniać,ndk,wyłonić,dk,suffixed,0.625147839182156
wyłączać,ndk,wyłączyć,dk,suffixed,0.7686986107775851
wymieniać,ndk,wymienić,dk,suffixed,0.738249318838515
wymyślać,ndk,wymyśleć,dk,suffixed,0.7328567094568798
wymyślać,ndk,wymyślić,dk,suffixed,0.7479297444311993
wynajmować,ndk,wynająć,dk,suffixed,0.7871060478161295
wynikać,ndk,wyniknąć,dk,suffixed,0.6089959951780779
wynosić,ndk,wynieść,dk,suffixed,0.7707545565275754
wyobrażać,ndk,wyobrazić,dk,suffixed,0.7495878344642921
wypadać,ndk,wypaść,dk,suffixed,0.5979040996314231
wypatrywać,ndk,wypatrzyć,dk,suffixed,0.7165666747459372
wypatrywać,ndk,wypatrzeć,dk,suffixed,0.7053359265151742
wypełniać,ndk,wypełnić,dk,suffixed,0.8298044622078132
wypływać,ndk,wypłynąć,dk,suffixed,0.7231630470031855
wypowiadać,ndk,wypowiedzieć,dk,suffixed,0.7949797396456897
wyprawiać,ndk,wyprawić,dk,suffixed,0.7527226923422211
wyprowadzać,ndk,wyprowadzić,dk,suffixed,0.8056342307834282
wyprzedzać,ndk,wyprzedzić,dk,suffixed,0.67298019794706
wypuszczać,ndk,wypuścić,dk,suffixed,0.8037509420448059
wypytywać,ndk,wypytać,dk,suffixed,0.7245455419720858
wyrastać,ndk,wyrosnąć,dk,suffixed,0.7074441892957481
wyrastać,ndk,wyróść,dk,suffixed,0.38946304524825504
wyrażać,ndk,wyrazić,dk,suffixed,0.8054004467601454
wyróżniać,ndk,wyróżnić,dk,suffixed,0.6801296135631768
wyruszać,ndk,wyruszyć,dk,suffixed,0.8249421987634685
wyrywać,ndk,wyrwać,dk,suffixed,0.6416477481324898
wyrzucać,ndk,wyrzucić,dk,suffixed,0.8059198294097837
wysiadać,ndk,wysiąść,dk,suffixed,0.7240379389675545
wysiadać,ndk,wysieść,dk,suffixed,0.3789155311856661
wysiadać,ndk,wysiedzieć,dk,derived,0.44960830430112153
wystarczać,ndk,wystarczyć,dk,suffixed,0.7312849663809854
wystawiać,ndk,wystawić,dk,suffixed,0.8151995015049749
występować,ndk,wystąpić,dk,suffixed,0.8379196357410075
wysuwać,ndk,wysunąć,dk,suffixed,0.752979412975804
wysyłać,ndk,wysłać,dk,suffixed,0.7638579537884207
wytwarzać,ndk,wytworzyć,dk,suffixed,0.7197180481797109
wywierać,ndk,wywrzeć,dk,suffixed,0.7662619697895391
wywodzić,ndk,wywieść,dk,suffixed,0.5088117176926117
wywoływać,ndk,wywołać,dk,suffixed,0.8593083292873985
wyznaczać,ndk,wyznaczyć,dk,suffixed,0.7663471705501321
wyznawać,ndk,wyznać,dk,suffixed,0.521360201674473
wzbudzać,ndk,wzbudzić,dk,suffixed,0.8245646768009504
wzdychać,ndk,westchnąć,dk,suffixed,0.7135942099848057
wzmacniać,ndk,wzmocnić,dk,suffixed,0.7698443967339378
wznosić,ndk,wznieść,dk,suffixed,0.7265491000016483
wzrastać,ndk,wzrosnąć,dk,suffixed,0.711998905552321
wzrastać,ndk,wzrość,dk,suffixed,0.25025501126063543
wzruszać,ndk,wzruszyć,dk,suffixed,0.7450176994870358
wzywać,ndk,wezwać,dk,empty,0.819063829655387
zabierać,ndk,zabrać,dk,suffixed,0.8301428088976691
zabijać,ndk,zabić,dk,suffixed,0.7575495589953994
zabraniać,ndk,zabronić,dk,suffixed,0.7762420432370448
zachęcać,ndk,zachęcić,dk,suffixed,0.8225832947286121
zachowywać,ndk,zachować,dk,suffixed,0.7818768070429023
zachwycać,ndk,zachwycić,dk,suffixed,0.7508591983988526
zaciskać,ndk,zacisnąć,dk,suffixed,0.7912596001403798
zaczynać,ndk,zacząć,dk,suffixed,0.841279683581241
zadawać,ndk,zadać,dk,suffixed,0.7790184708232031
zaglądać,ndk,zaglądnąć,dk,suffixed,0.6981500783146941
zaglądać,ndk,zajrzeć,dk,suffixed,0.7320486492282515
zagrażać,ndk,zagrozić,dk,suffixed,0.7704808163014222
zajmować,ndk,zająć,dk,suffixed,0.8257510680924037
zakładać,ndk,założyć,dk,suffixed,0.7978784112249856
zalecać,ndk,zalecić,dk,suffixed,0.624424919250142
zalewać,ndk,zalać,dk,suffixed,0.6982569569478394
zaliczać,ndk,zaliczyć,dk,suffixed,0.776754841512593
załatwiać,ndk,załatwić,dk,suffixed,0.7890384356977862
zamawiać,ndk,zamówić,dk,suffixed,0.756318977445462
zamieniać,ndk,zamienić,dk,suffixed,0.7738271396397756
zamierzać,ndk,zamierzyć,dk,suffixed,0.6773777882027967
zamieszkiwać,ndk,zamieszkać,dk,suffixed,0.6282841498167845
zamykać,ndk,zamknąć,dk,suffixed,0.8048976387577584
zapadać,ndk,zapaść,dk,suffixed,0.6349668047606627
zapalać,ndk,zapalić,dk,suffixed,0.771472208892858
zapewniać,ndk,zapewnić,dk,suffixed,0.8176328758968112
zapisywać,ndk,zapisać,dk,suffixed,0.772761822443664
zapominać,ndk,zapomnąć,dk,suffixed,0.5654391407362268
zapominać,ndk,zapomnieć,dk,suffixed,0.7831104653974836
zapowiadać,ndk,zapowiedzieć,dk,suffixed,0.6889107760728305
zapraszać,ndk,zaprosić,dk,suffixed,0.6854375590943691
zaprzeczać,ndk,zaprzeczyć,dk,suffixed,0.7040259004212521
zarabiać,ndk,zarobić,dk,suffixed,0.8460453297831795
zarzucać,ndk,zarzucić,dk,suffixed,0.7606002205905702
zasiadać,ndk,zasiąść,dk,suffixed,0.7365105200754309
zaskakiwać,ndk,zaskoczyć,dk,suffixed,0.7497309606260023
zasłaniać,ndk,zasłonić,dk,suffixed,0.7156877409109325
zasługiwać,ndk,zasłużyć,dk,suffixed,0.7023758922634362
zastanawiać,ndk,zastanowić,dk,suffixed,0.8320311054351199
zastępować,ndk,zastąpić,dk,suffixed,0.750071483760422
zatrudniać,ndk,zatrudnić,dk,suffixed,0.8055019318080762
zatrzymywać,ndk,zatrzymać,dk,suffixed,0.7367772505779868
zauważać,ndk,zauważyć,dk,suffixed,0.6072509607270363
zawierać,ndk,zawrzeć,dk,suffixed,0.611336490728578
zawodzić,ndk,zawieść,dk,suffixed,0.49816415490433696
zawracać,ndk,zawrócić,dk,suffixed,0.5559962631574145
zazdrościć,ndk,pozazdrościć,dk,empty,0.7747212050593874
zaznaczać,ndk,zaznaczyć,dk,suffixed,0.6801506471791717
zbierać,ndk,zebrać,dk,suffixed,0.7371942390503509
zbliżać,ndk,zbliżyć,dk,suffixed,0.7040033534674787
zdarzać,ndk,zdarzyć,dk,suffixed,0.7652254572325612
zdawać,ndk,zdać,dk,suffixed,0.7668764911469659
zdejmować,ndk,zdjąć,dk,suffixed,0.8083938766380707
zdobywać,ndk,zdobyć,dk,suffixed,0.7790624546453471
zdradzać,ndk,zdradzić,dk,suffixed,0.7921970317805779
zerkać,ndk,zerknąć,dk,suffixed,0.6542905813630284
zgadzać,ndk,zgodzić,dk,suffixed,0.7455581560232474
zgłaszać,ndk,zgłosić,dk,suffixed,0.8058389727331482
zjawiać,ndk,zjawić,dk,suffixed,0.726756849202262
złościć,ndk,zezłościć,dk,empty,0.7443179900962028
złościć,ndk,rozzłościć,dk,empty,0.6946738970561079
zmieniać,ndk,zmienić,dk,suffixed,0.8057286984005824
zmniejszać,ndk,zmniejszyć,dk,suffixed,0.747198588302949
zmuszać,ndk,zmusić,dk,suffixed,0.7750586877390983
znajdować,ndk,znaleźć,dk,suffixed,0.6600788453379388
znikać,ndk,zniknąć,dk,suffixed,0.6708699492595047
znosić,ndk,znieść,dk,suffixed,0.7304573370960882
zostawać,ndk,zostać,dk,suffixed,0.6874065211104007
zostawiać,ndk,zostawić,dk,suffixed,0.8536779099748867
zrywać,ndk,zerwać,dk,empty,0.7183039690918743
zwalniać,ndk,zwolnić,dk,suffixed,0.7369602494067727
zwalniać,ndk,pozwalniać,dk,derived,0.6043966832239357
zważać,ndk,zważyć,dk,suffixed,0.5531641836797209
zwiększać,ndk,zwiększyć,dk,suffixed,0.8191777916681519
zwisać,ndk,zwisnąć,dk,suffixed,0.5702716614630866
zwlekać,ndk,zwlec,dk,suffixed,0.49177587258404865
zwracać,ndk,zwrócić,dk,suffixed,0.801991763093483
zyskiwać,ndk,zyskać,dk,suffixed,0.6884322363969466
żartować,ndk,zażartować,dk,empty,0.7099172305658413
żądać,ndk,zażądać,dk,empty,0.8772443237188124
żegnać,ndk,pożegnać,dk,empty,0.8168424500221616
żegnać,ndk,odżegnać,dk,derived,0.47398585633189283
żegnać,ndk,przeżegnać,dk,derived,0.6219660564481913
żegnać,ndk,zażegnać,dk,derived,0.2654831042833894
